Repository's Location,Branch,File Formats,Ignore Glob List,Ignore standalone config,Ignore Commits List,Ignore Authors List,Shallow Cloning,Find Previous Authors
https://github.com/emmannyyy/ip.git,master,,tutorials/**;gradlew.bat,,,,,
https://github.com/gohqingkhang/ip.git,master,,tutorials/**;gradlew.bat,,,,,
https://github.com/jason-chuah/ip.git,master,,tutorials/**;gradlew.bat,,,,,
https://github.com/wassilililily/ip.git,master,,tutorials/**;gradlew.bat,,,,,
https://github.com/Green-Tea-123/ip.git,master,,tutorials/**;gradlew.bat,,,,,
https://github.com/Tanziyanghenry/ip.git,master,,tutorials/**;gradlew.bat,,,,,
https://github.com/kevin-pek/ip.git,master,,tutorials/**;gradlew.bat,,,,,
https://github.com/RezwanAhmed123/ip.git,master,,tutorials/**;gradlew.bat,,,,,
https://github.com/ChinSekYi/ip.git,master,,tutorials/**;gradlew.bat,,,,,
https://github.com/AbdulrahmanAlRammah/ip.git,master,,tutorials/**;gradlew.bat,,,,,
https://github.com/liauzhanyi/ip.git,master,,tutorials/**;gradlew.bat,,,,,
https://github.com/yanqiyqh/ip.git,master,,tutorials/**;gradlew.bat,,,,,
https://github.com/rayray39/ip.git,master,,tutorials/**;gradlew.bat,,,,,
https://github.com/YANYAN-w/ip.git,master,,tutorials/**;gradlew.bat,,,,,
https://github.com/hansneddyanto/ip.git,master,,tutorials/**;gradlew.bat,,,,,
https://github.com/Rachael-Chan/ip.git,master,,tutorials/**;gradlew.bat,,,,,
https://github.com/tata32000/ip.git,master,,tutorials/**;gradlew.bat,,,,,
https://github.com/hazzle23/ip.git,master,,tutorials/**;gradlew.bat,,,,,
https://github.com/shotnothing/ip.git,master,,tutorials/**;gradlew.bat,,,,,
https://github.com/matthewyip1511/ip.git,master,,tutorials/**;gradlew.bat,,,,,
https://github.com/starbucksventi/ip.git,master,,tutorials/**;gradlew.bat,,,,,
https://github.com/Andrew22Teoh/ip.git,master,,tutorials/**;gradlew.bat,,,,,
https://github.com/Quasant/ip.git,master,,tutorials/**;gradlew.bat,,,,,
https://github.com/Brendan8899/ip.git,master,,tutorials/**;gradlew.bat,,,,,
https://github.com/SooYap/ip.git,master,,tutorials/**;gradlew.bat,,,,,
https://github.com/WinstonJin/ip.git,master,,tutorials/**;gradlew.bat,,,,,
https://github.com/WeiHanWong/ip.git,master,,tutorials/**;gradlew.bat,,,,,
https://github.com/ghos7ie/ip.git,master,,tutorials/**;gradlew.bat,,,,,
https://github.com/seanlim/ip.git,master,,tutorials/**;gradlew.bat,,,,,
https://github.com/QuekBingHeng/ip.git,master,,tutorials/**;gradlew.bat,,,,,
https://github.com/LowXiSi/ip.git,master,,tutorials/**;gradlew.bat,,,,,
https://github.com/Ma-Xizi/ip.git,master,,tutorials/**;gradlew.bat,,,,,
https://github.com/somethingfishyfishy/ip.git,master,,tutorials/**;gradlew.bat,,,,,
https://github.com/avrilmohh/ip.git,master,,tutorials/**;gradlew.bat,,,,,
https://github.com/kahsuann/ip.git,master,,tutorials/**;gradlew.bat,,,,,
https://github.com/vicelyav/ip.git,master,,tutorials/**;gradlew.bat,,,,,
https://github.com/zi-yii/ip.git,master,,tutorials/**;gradlew.bat,,,,,
https://github.com/althea28/ip.git,master,,tutorials/**;gradlew.bat,,,,,
https://github.com/cth06-Github/ip.git,master,,tutorials/**;gradlew.bat,,,,,
https://github.com/jinnsuke/ip.git,master,,tutorials/**;gradlew.bat,,,,,
https://github.com/jian7490/ip.git,master,,tutorials/**;gradlew.bat,,,,,
https://github.com/ethantyh692/ip.git,master,,tutorials/**;gradlew.bat,,,,,
https://github.com/sheenkerr/ip.git,master,,tutorials/**;gradlew.bat,,,,,
https://github.com/Nicholas-Cheng-De-Fei/ip.git,master,,tutorials/**;gradlew.bat,,,,,
https://github.com/thenosewizard/ip.git,master,,tutorials/**;gradlew.bat,,,,,
https://github.com/BunnyHoppp/ip.git,master,,tutorials/**;gradlew.bat,,,,,
https://github.com/minhao23/ip.git,master,,tutorials/**;gradlew.bat,,,,,
https://github.com/SeeYangZhi/ip.git,master,,tutorials/**;gradlew.bat,,,,,
https://github.com/jialegitgud/ip.git,master,,tutorials/**;gradlew.bat,,,,,
https://github.com/LimKaiWei/ip.git,master,,tutorials/**;gradlew.bat,,,,,
https://github.com/GavinSin/ip.git,master,,tutorials/**;gradlew.bat,,,,,
https://github.com/lm-44/ip.git,master,,tutorials/**;gradlew.bat,,,,,
https://github.com/Jasperabez/ip.git,master,,tutorials/**;gradlew.bat,,,,,
https://github.com/yanhwee/ip.git,master,,tutorials/**;gradlew.bat,,,,,
https://github.com/rollingpencil/ip.git,master,,tutorials/**;gradlew.bat,,,,,
https://github.com/stephaneleong/ip.git,master,,tutorials/**;gradlew.bat,,,,,
https://github.com/joeltio/ip.git,master,,tutorials/**;gradlew.bat,,,,,
https://github.com/hanscau/ip.git,master,,tutorials/**;gradlew.bat,,,,,
https://github.com/AlekKwek18/ip.git,master,,tutorials/**;gradlew.bat,,,,,
https://github.com/AmadeusEka/ip.git,master,,tutorials/**;gradlew.bat,,,,,
https://github.com/jewiteo/ip.git,master,,tutorials/**;gradlew.bat,,,,,
https://github.com/C5hives/ip.git,master,,tutorials/**;gradlew.bat,,,,,
https://github.com/KennethTeo2002/ip.git,master,,tutorials/**;gradlew.bat,,,,,
https://github.com/ossaris56/ip.git,master,,tutorials/**;gradlew.bat,,,,,
https://github.com/Shruthiiii03/ip.git,master,,tutorials/**;gradlew.bat,,,,,
https://github.com/ITLimJiaWei/ip.git,master,,tutorials/**;gradlew.bat,,,,,
https://github.com/NorbertLoh/ip.git,master,,tutorials/**;gradlew.bat,,,,,
https://github.com/Chronoxy/ip.git,master,,tutorials/**;gradlew.bat,,,,,
https://github.com/wuzengfu/ip.git,master,,tutorials/**;gradlew.bat,,,,,
https://github.com/Wxy2003-xy/ip.git,master,,tutorials/**;gradlew.bat,,,,,
https://github.com/JagdeepSinghNUS/ip.git,master,,tutorials/**;gradlew.bat,,,,,
https://github.com/Dino-Nuggies/ip.git,master,,tutorials/**;gradlew.bat,,,,,
https://github.com/KengHian/ip.git,master,,tutorials/**;gradlew.bat,,,,,
https://github.com/dez2003/ip.git,master,,tutorials/**;gradlew.bat,,,,,
https://github.com/davidgohzk/ip.git,master,,tutorials/**;gradlew.bat,,,,,
https://github.com/starchypotatocode/ip.git,master,,tutorials/**;gradlew.bat,,,,,
https://github.com/1st2GetThisName/ip.git,master,,tutorials/**;gradlew.bat,,,,,
https://github.com/dwsc37/ip.git,master,,tutorials/**;gradlew.bat,,,,,
https://github.com/yu-sutong/ip.git,master,,tutorials/**;gradlew.bat,,,,,
https://github.com/bryancheny/ip.git,master,,tutorials/**;gradlew.bat,,,,,
https://github.com/tohhengxing/ip.git,master,,tutorials/**;gradlew.bat,,,,,
https://github.com/taggyhan/ip.git,master,,tutorials/**;gradlew.bat,,,,,
https://github.com/QinHaichen12/ip.git,master,,tutorials/**;gradlew.bat,,,,,
https://github.com/samuelthen/ip.git,master,,tutorials/**;gradlew.bat,,,,,
https://github.com/weiseng18/ip.git,master,,tutorials/**;gradlew.bat,,,,,
https://github.com/Gra7ityIC3/ip.git,master,,tutorials/**;gradlew.bat,,,,,
https://github.com/T1duS/ip.git,master,,tutorials/**;gradlew.bat,,,,,
https://github.com/yiiilonggg/ip.git,master,,tutorials/**;gradlew.bat,,,,,
https://github.com/yadobler/ip.git,master,,tutorials/**;gradlew.bat,,,,,
https://github.com/kienvumrpm/ip.git,master,,tutorials/**;gradlew.bat,,,,,
https://github.com/zzawook/ip.git,master,,tutorials/**;gradlew.bat,,,,,
https://github.com/publicmain/ip.git,master,,tutorials/**;gradlew.bat,,,,,
https://github.com/hogretup/ip.git,master,,tutorials/**;gradlew.bat,,,,,
https://github.com/GuanpengR/ip.git,master,,tutorials/**;gradlew.bat,,,,,
https://github.com/Nimastic/ip.git,master,,tutorials/**;gradlew.bat,,,,,
https://github.com/fymbc/ip.git,master,,tutorials/**;gradlew.bat,,,,,
https://github.com/bryanckh/ip.git,master,,tutorials/**;gradlew.bat,,,,,
https://github.com/Meowloid/ip.git,master,,tutorials/**;gradlew.bat,,,,,
https://github.com/JunLongling/ip.git,master,,tutorials/**;gradlew.bat,,,,,
https://github.com/M-kew/ip.git,master,,tutorials/**;gradlew.bat,,,,,
https://github.com/SSirMentos/ip.git,master,,tutorials/**;gradlew.bat,,,,,
https://github.com/winstonlimjy/ip.git,master,,tutorials/**;gradlew.bat,,,,,
https://github.com/kaajinn/ip.git,master,,tutorials/**;gradlew.bat,,,,,
https://github.com/gohsl99/ip.git,master,,tutorials/**;gradlew.bat,,,,,
https://github.com/W3iZhi/ip.git,master,,tutorials/**;gradlew.bat,,,,,
https://github.com/DanzaSeah/ip.git,master,,tutorials/**;gradlew.bat,,,,,
https://github.com/zhou-colla/ip.git,master,,tutorials/**;gradlew.bat,,,,,
https://github.com/rimgik/ip.git,master,,tutorials/**;gradlew.bat,,,,,
https://github.com/kuiktzecheng/ip.git,master,,tutorials/**;gradlew.bat,,,,,
https://github.com/MinkhantEain/ip.git,master,,tutorials/**;gradlew.bat,,,,,
https://github.com/EdaYeo/ip.git,master,,tutorials/**;gradlew.bat,,,,,
https://github.com/linette-g/ip.git,master,,tutorials/**;gradlew.bat,,,,,
https://github.com/taniathng/ip.git,master,,tutorials/**;gradlew.bat,,,,,
https://github.com/rxchell/ip.git,master,,tutorials/**;gradlew.bat,,,,,
https://github.com/zhiyi12345/ip.git,master,,tutorials/**;gradlew.bat,,,,,
https://github.com/yuanchengg/ip.git,master,,tutorials/**;gradlew.bat,,,,,
https://github.com/jeremychiaaaaa/ip.git,master,,tutorials/**;gradlew.bat,,,,,
https://github.com/HanB1n/ip.git,master,,tutorials/**;gradlew.bat,,,,,
https://github.com/yihuididi/ip.git,master,,tutorials/**;gradlew.bat,,,,,
https://github.com/RyanWarwick/ip.git,master,,tutorials/**;gradlew.bat,,,,,
https://github.com/muller317/ip.git,master,,tutorials/**;gradlew.bat,,,,,
https://github.com/mrnobody0505/ip.git,master,,tutorials/**;gradlew.bat,,,,,
https://github.com/yugan01/ip.git,master,,tutorials/**;gradlew.bat,,,,,
https://github.com/munhuikim/ip.git,master,,tutorials/**;gradlew.bat,,,,,
https://github.com/Anvita2110/ip.git,master,,tutorials/**;gradlew.bat,,,,,
https://github.com/LynetteLeeSiYing/ip.git,master,,tutorials/**;gradlew.bat,,,,,
https://github.com/WuJinhan1/ip.git,master,,tutorials/**;gradlew.bat,,,,,
https://github.com/shadhankkk/ip.git,master,,tutorials/**;gradlew.bat,,,,,
https://github.com/obrona/ip.git,master,,tutorials/**;gradlew.bat,,,,,
https://github.com/AngPengXuan/ip.git,master,,tutorials/**;gradlew.bat,,,,,
https://github.com/Vatinius/ip.git,master,,tutorials/**;gradlew.bat,,,,,
https://github.com/huangjiaxi1111/ip.git,master,,tutorials/**;gradlew.bat,,,,,
https://github.com/jktang14/ip.git,master,,tutorials/**;gradlew.bat,,,,,
https://github.com/calebyyy/ip.git,master,,tutorials/**;gradlew.bat,,,,,
https://github.com/yongkheehou/ip.git,master,,tutorials/**;gradlew.bat,,,,,
https://github.com/oolongwater/ip.git,master,,tutorials/**;gradlew.bat,,,,,
https://github.com/Virusrwj223/ip.git,master,,tutorials/**;gradlew.bat,,,,,
https://github.com/bbbbcccd/ip.git,master,,tutorials/**;gradlew.bat,,,,,
https://github.com/limyuquan/ip.git,master,,tutorials/**;gradlew.bat,,,,,
https://github.com/riccoljy/ip.git,master,,tutorials/**;gradlew.bat,,,,,
https://github.com/SeanWong2/ip.git,master,,tutorials/**;gradlew.bat,,,,,
https://github.com/LiHaixin000/ip.git,master,,tutorials/**;gradlew.bat,,,,,
https://github.com/thony-ui/ip.git,master,,tutorials/**;gradlew.bat,,,,,
https://github.com/marcusjhang/ip.git,master,,tutorials/**;gradlew.bat,,,,,
https://github.com/frymash/ip.git,master,,tutorials/**;gradlew.bat,,,,,
https://github.com/adipanda2002/ip.git,master,,tutorials/**;gradlew.bat,,,,,
https://github.com/dominopizzaaaa/ip.git,master,,tutorials/**;gradlew.bat,,,,,
https://github.com/leslieyip02/ip.git,master,,tutorials/**;gradlew.bat,,,,,
https://github.com/KrashKart/ip.git,master,,tutorials/**;gradlew.bat,,,,,
https://github.com/chuajunyu/ip.git,master,,tutorials/**;gradlew.bat,,,,,
https://github.com/k-hian/ip.git,master,,tutorials/**;gradlew.bat,,,,,
https://github.com/The0nlyJuan/ip.git,master,,tutorials/**;gradlew.bat,,,,,
https://github.com/LemonDrew/ip.git,master,,tutorials/**;gradlew.bat,,,,,
https://github.com/zzibo/ip.git,master,,tutorials/**;gradlew.bat,,,,,
https://github.com/Nigeltzy/ip.git,master,,tutorials/**;gradlew.bat,,,,,
https://github.com/marraknas/ip.git,master,,tutorials/**;gradlew.bat,,,,,
https://github.com/jloh02/ip.git,master,,tutorials/**;gradlew.bat,,,,,
https://github.com/appleshill/ip.git,master,,tutorials/**;gradlew.bat,,,,,
https://github.com/Clarenceeey/ip.git,master,,tutorials/**;gradlew.bat,,,,,
https://github.com/testing1234567891011121314/ip.git,master,,tutorials/**;gradlew.bat,,,,,
https://github.com/weiliann/ip.git,master,,tutorials/**;gradlew.bat,,,,,
https://github.com/TechRaj/ip.git,master,,tutorials/**;gradlew.bat,,,,,
https://github.com/NicholasCWK/ip.git,master,,tutorials/**;gradlew.bat,,,,,
https://github.com/ITZXITZX/ip.git,master,,tutorials/**;gradlew.bat,,,,,
https://github.com/SamuelFoo/ip.git,master,,tutorials/**;gradlew.bat,,,,,
https://github.com/dominic2412/ip.git,master,,tutorials/**;gradlew.bat,,,,,
https://github.com/stanleytangzh/ip.git,master,,tutorials/**;gradlew.bat,,,,,
https://github.com/yuvrajaryan/ip.git,master,,tutorials/**;gradlew.bat,,,,,
https://github.com/MiloTruck/ip.git,master,,tutorials/**;gradlew.bat,,,,,
https://github.com/itsnotsherm/ip.git,master,,tutorials/**;gradlew.bat,,,,,
https://github.com/yhanyi/ip.git,master,,tutorials/**;gradlew.bat,,,,,
https://github.com/karthickkc/ip.git,master,,tutorials/**;gradlew.bat,,,,,
https://github.com/G-Y-Chan/ip.git,master,,tutorials/**;gradlew.bat,,,,,
https://github.com/mattisongjj/ip.git,master,,tutorials/**;gradlew.bat,,,,,
https://github.com/DiegoTheExplorar/ip.git,master,,tutorials/**;gradlew.bat,,,,,
https://github.com/ethanwangkangen/ip.git,master,,tutorials/**;gradlew.bat,,,,,
https://github.com/Professional-Procrastinat0r/ip.git,master,,tutorials/**;gradlew.bat,,,,,
https://github.com/lim-jt/ip.git,master,,tutorials/**;gradlew.bat,,,,,
https://github.com/Oceankoh/ip.git,master,,tutorials/**;gradlew.bat,,,,,
https://github.com/PresleyChew/ip.git,master,,tutorials/**;gradlew.bat,,,,,
https://github.com/xhamyo/ip.git,master,,tutorials/**;gradlew.bat,,,,,
https://github.com/raihahahan/ip.git,master,,tutorials/**;gradlew.bat,,,,,
https://github.com/ty4g1/ip.git,master,,tutorials/**;gradlew.bat,,,,,
https://github.com/InfinityTwo/ip.git,master,,tutorials/**;gradlew.bat,,,,,
https://github.com/Shux347/ip.git,master,,tutorials/**;gradlew.bat,,,,,
https://github.com/jtooya/ip.git,master,,tutorials/**;gradlew.bat,,,,,
https://github.com/Incogdino/ip.git,master,,tutorials/**;gradlew.bat,,,,,
https://github.com/Gilbb/ip.git,master,,tutorials/**;gradlew.bat,,,,,
https://github.com/reidenong/ip.git,master,,tutorials/**;gradlew.bat,,,,,
https://github.com/michaelyql/ip.git,master,,tutorials/**;gradlew.bat,,,,,
https://github.com/casperngeen/ip.git,master,,tutorials/**;gradlew.bat,,,,,
https://github.com/cshao02/ip.git,master,,tutorials/**;gradlew.bat,,,,,
https://github.com/seah-minlong/ip.git,master,,tutorials/**;gradlew.bat,,,,,
https://github.com/Sornsornah/ip.git,master,,tutorials/**;gradlew.bat,,,,,
https://github.com/yockcheng/ip.git,master,,tutorials/**;gradlew.bat,,,,,
https://github.com/kushaldas27/ip.git,master,,tutorials/**;gradlew.bat,,,,,
https://github.com/AlphaPyke/ip.git,master,,tutorials/**;gradlew.bat,,,,,
https://github.com/adriantan101/ip.git,master,,tutorials/**;gradlew.bat,,,,,
https://github.com/Dominic-Khoo/ip.git,master,,tutorials/**;gradlew.bat,,,,,
https://github.com/LiuYJ2002/ip.git,master,,tutorials/**;gradlew.bat,,,,,
https://github.com/CreditableX/ip.git,master,,tutorials/**;gradlew.bat,,,,,
https://github.com/TheRareFox/ip.git,master,,tutorials/**;gradlew.bat,,,,,
https://github.com/SQ77/ip.git,master,,tutorials/**;gradlew.bat,,,,,
https://github.com/leroytan/ip.git,master,,tutorials/**;gradlew.bat,,,,,
https://github.com/lrongyi/ip.git,master,,tutorials/**;gradlew.bat,,,,,
https://github.com/justsparsh/ip.git,master,,tutorials/**;gradlew.bat,,,,,
https://github.com/YangQF2002/ip.git,master,,tutorials/**;gradlew.bat,,,,,
https://github.com/george-yeo/ip.git,master,,tutorials/**;gradlew.bat,,,,,
https://github.com/ywllowsensor/ip.git,master,,tutorials/**;gradlew.bat,,,,,
https://github.com/e1121208/ip.git,master,,tutorials/**;gradlew.bat,,,,,
https://github.com/OttoTan/ip.git,master,,tutorials/**;gradlew.bat,,,,,
https://github.com/prave1n/ip.git,master,,tutorials/**;gradlew.bat,,,,,
https://github.com/chongtzezhao/ip.git,master,,tutorials/**;gradlew.bat,,,,,
https://github.com/yong-zhuo/ip.git,master,,tutorials/**;gradlew.bat,,,,,
https://github.com/Haris-Irfan/ip.git,master,,tutorials/**;gradlew.bat,,,,,
https://github.com/Justin-Aw46/ip.git,master,,tutorials/**;gradlew.bat,,,,,
https://github.com/SherChew27/ip.git,master,,tutorials/**;gradlew.bat,,,,,
https://github.com/rynlwhh/ip.git,master,,tutorials/**;gradlew.bat,,,,,
https://github.com/Shantaa/ip.git,master,,tutorials/**;gradlew.bat,,,,,
https://github.com/ngjianyi/ip.git,master,,tutorials/**;gradlew.bat,,,,,
https://github.com/bmanara/ip.git,master,,tutorials/**;gradlew.bat,,,,,
https://github.com/slye20/ip.git,master,,tutorials/**;gradlew.bat,,,,,
https://github.com/Edsel-Tan/ip.git,master,,tutorials/**;gradlew.bat,,,,,
https://github.com/harithh07/ip.git,master,,tutorials/**;gradlew.bat,,,,,
https://github.com/saajidshaik02/ip.git,master,,tutorials/**;gradlew.bat,,,,,
https://github.com/LinkesV/ip.git,master,,tutorials/**;gradlew.bat,,,,,
https://github.com/wenjebs/ip.git,master,,tutorials/**;gradlew.bat,,,,,
https://github.com/FooChao/ip.git,master,,tutorials/**;gradlew.bat,,,,,
https://github.com/martout2002/ip.git,master,,tutorials/**;gradlew.bat,,,,,
https://github.com/BuffWuff1712/ip.git,master,,tutorials/**;gradlew.bat,,,,,
https://github.com/Fluffykan/ip.git,master,,tutorials/**;gradlew.bat,,,,,
https://github.com/sumomomomomo/ip.git,master,,tutorials/**;gradlew.bat,,,,,
https://github.com/daronoh/ip.git,master,,tutorials/**;gradlew.bat,,,,,
https://github.com/sayglenn/ip.git,master,,tutorials/**;gradlew.bat,,,,,
https://github.com/ryenl/ip.git,master,,tutorials/**;gradlew.bat,,,,,
https://github.com/Plishh/ip.git,master,,tutorials/**;gradlew.bat,,,,,
https://github.com/Jollybomber/ip.git,master,,tutorials/**;gradlew.bat,,,,,
https://github.com/Reallyeasy1/ip.git,master,,tutorials/**;gradlew.bat,,,,,
https://github.com/kaikquah/ip.git,master,,tutorials/**;gradlew.bat,,,,,
https://github.com/yikjunxian/ip.git,master,,tutorials/**;gradlew.bat,,,,,
https://github.com/linedoestrolling/ip.git,master,,tutorials/**;gradlew.bat,,,,,
https://github.com/DKHB0207/ip.git,master,,tutorials/**;gradlew.bat,,,,,
https://github.com/meerkatboy/ip.git,master,,tutorials/**;gradlew.bat,,,,,
https://github.com/limyixiang/ip.git,master,,tutorials/**;gradlew.bat,,,,,
https://github.com/oneBoz/ip.git,master,,tutorials/**;gradlew.bat,,,,,
https://github.com/OrangeCatLoves/ip.git,master,,tutorials/**;gradlew.bat,,,,,
https://github.com/brianchoon/ip.git,master,,tutorials/**;gradlew.bat,,,,,
https://github.com/vinceg4/ip.git,master,,tutorials/**;gradlew.bat,,,,,
https://github.com/mingyang143/ip.git,master,,tutorials/**;gradlew.bat,,,,,
https://github.com/Jayden-Kim-NUS/ip.git,master,,tutorials/**;gradlew.bat,,,,,
https://github.com/SKarthikeyan28/ip.git,master,,tutorials/**;gradlew.bat,,,,,
https://github.com/wrjgold/ip.git,master,,tutorials/**;gradlew.bat,,,,,
https://github.com/JYL27/ip.git,master,,tutorials/**;gradlew.bat,,,,,
https://github.com/marchjlim/ip.git,master,,tutorials/**;gradlew.bat,,,,,
https://github.com/Ansel-Ch/ip.git,master,,tutorials/**;gradlew.bat,,,,,
https://github.com/NicholasT1/ip.git,master,,tutorials/**;gradlew.bat,,,,,
https://github.com/JovenSoh/ip.git,master,,tutorials/**;gradlew.bat,,,,,
https://github.com/TY1Fan/ip.git,master,,tutorials/**;gradlew.bat,,,,,
https://github.com/fusin02/ip.git,master,,tutorials/**;gradlew.bat,,,,,
https://github.com/clarud/ip.git,master,,tutorials/**;gradlew.bat,,,,,
https://github.com/ttzuche/ip.git,master,,tutorials/**;gradlew.bat,,,,,
https://github.com/Raghava-Chittidi/ip.git,master,,tutorials/**;gradlew.bat,,,,,
https://github.com/jonushzw/ip.git,master,,tutorials/**;gradlew.bat,,,,,
https://github.com/EthanLoww/ip.git,master,,tutorials/**;gradlew.bat,,,,,
https://github.com/weijianwong/ip.git,master,,tutorials/**;gradlew.bat,,,,,
https://github.com/antgyf/ip.git,master,,tutorials/**;gradlew.bat,,,,,
https://github.com/ignatiusoey09/ip.git,master,,tutorials/**;gradlew.bat,,,,,
https://github.com/jevan13/ip.git,master,,tutorials/**;gradlew.bat,,,,,
https://github.com/Tkaixiang/ip.git,master,,tutorials/**;gradlew.bat,,,,,
https://github.com/gladwintan/ip.git,master,,tutorials/**;gradlew.bat,,,,,
https://github.com/Justin-Yeo/ip.git,master,,tutorials/**;gradlew.bat,,,,,
https://github.com/miloaisdino/ip.git,master,,tutorials/**;gradlew.bat,,,,,
https://github.com/sam-theman88/ip.git,master,,tutorials/**;gradlew.bat,,,,,
https://github.com/junyi73/ip.git,master,,tutorials/**;gradlew.bat,,,,,
https://github.com/Domokunx/ip.git,master,,tutorials/**;gradlew.bat,,,,,
https://github.com/CJianzhi/ip.git,master,,tutorials/**;gradlew.bat,,,,,
https://github.com/shuckycheese/ip.git,master,,tutorials/**;gradlew.bat,,,,,
https://github.com/weibinlim/ip.git,master,,tutorials/**;gradlew.bat,,,,,
https://github.com/colinac/ip.git,master,,tutorials/**;gradlew.bat,,,,,
https://github.com/xinweichong/ip.git,master,,tutorials/**;gradlew.bat,,,,,
https://github.com/ckaayy/ip.git,master,,tutorials/**;gradlew.bat,,,,,
https://github.com/jarrellc1/ip.git,master,,tutorials/**;gradlew.bat,,,,,
https://github.com/Runus01/ip.git,master,,tutorials/**;gradlew.bat,,,,,
https://github.com/foothaddeus/ip.git,master,,tutorials/**;gradlew.bat,,,,,
https://github.com/zacharyxzz/ip.git,master,,tutorials/**;gradlew.bat,,,,,
https://github.com/jerrelllee/ip.git,master,,tutorials/**;gradlew.bat,,,,,
https://github.com/KiKuasaurus/ip.git,master,,tutorials/**;gradlew.bat,,,,,
https://github.com/Jaynon/ip.git,master,,tutorials/**;gradlew.bat,,,,,
https://github.com/Nicholaskoh1/ip.git,master,,tutorials/**;gradlew.bat,,,,,
https://github.com/Teddayz/ip.git,master,,tutorials/**;gradlew.bat,,,,,
https://github.com/zackjh/ip.git,master,,tutorials/**;gradlew.bat,,,,,
https://github.com/t-leongchuan/ip.git,master,,tutorials/**;gradlew.bat,,,,,
https://github.com/thortol/ip.git,master,,tutorials/**;gradlew.bat,,,,,
https://github.com/AgentHagu/ip.git,master,,tutorials/**;gradlew.bat,,,,,
https://github.com/itsme-zeix/ip.git,master,,tutorials/**;gradlew.bat,,,,,
https://github.com/naythee169/ip.git,master,,tutorials/**;gradlew.bat,,,,,
https://github.com/chengzihao123/ip.git,master,,tutorials/**;gradlew.bat,,,,,
https://github.com/Jalenleeruixian/ip.git,master,,tutorials/**;gradlew.bat,,,,,
https://github.com/hovanleong/ip.git,master,,tutorials/**;gradlew.bat,,,,,
https://github.com/ahmadsyuaib/ip.git,master,,tutorials/**;gradlew.bat,,,,,
https://github.com/yxtan02/ip.git,master,,tutorials/**;gradlew.bat,,,,,
https://github.com/gnoossk/ip.git,master,,tutorials/**;gradlew.bat,,,,,
https://github.com/LeongWZ/ip.git,master,,tutorials/**;gradlew.bat,,,,,
https://github.com/uniqly/ip.git,master,,tutorials/**;gradlew.bat,,,,,
https://github.com/Xczheng0105/ip.git,master,,tutorials/**;gradlew.bat,,,,,
https://github.com/teamotitan/ip.git,master,,tutorials/**;gradlew.bat,,,,,
https://github.com/kvernnn/ip.git,master,,tutorials/**;gradlew.bat,,,,,
https://github.com/colinhia/ip.git,master,,tutorials/**;gradlew.bat,,,,,
https://github.com/S-K-Y-Light/ip.git,master,,tutorials/**;gradlew.bat,,,,,
https://github.com/muhdbhz/ip.git,master,,tutorials/**;gradlew.bat,,,,,
https://github.com/choaticman/ip.git,master,,tutorials/**;gradlew.bat,,,,,
https://github.com/suhayl13/ip.git,master,,tutorials/**;gradlew.bat,,,,,
https://github.com/Al-ez/ip.git,master,,tutorials/**;gradlew.bat,,,,,
https://github.com/volleyballkickedme/ip.git,master,,tutorials/**;gradlew.bat,,,,,
https://github.com/bryanjhc/ip.git,master,,tutorials/**;gradlew.bat,,,,,
https://github.com/wes-w-z-h/ip.git,master,,tutorials/**;gradlew.bat,,,,,
https://github.com/shizy/ip.git,master,,tutorials/**;gradlew.bat,,,,,
https://github.com/Slipperybara/ip.git,master,,tutorials/**;gradlew.bat,,,,,
https://github.com/IanCheah/ip.git,master,,tutorials/**;gradlew.bat,,,,,
https://github.com/darkmoongreatsword/ip.git,master,,tutorials/**;gradlew.bat,,,,,
https://github.com/MAOXIONGKAI/ip.git,master,,tutorials/**;gradlew.bat,,,,,
https://github.com/Johnwz123/ip.git,master,,tutorials/**;gradlew.bat,,,,,
https://github.com/LimErnest/ip.git,master,,tutorials/**;gradlew.bat,,,,,
https://github.com/josh1248/ip.git,master,,tutorials/**;gradlew.bat,,,,,
https://github.com/flyingsalsa/ip.git,master,,tutorials/**;gradlew.bat,,,,,
https://github.com/travisim/ip.git,master,,tutorials/**;gradlew.bat,,,,,
https://github.com/anselmlong/ip.git,master,,tutorials/**;gradlew.bat,,,,,
https://github.com/LingZiyann/ip.git,master,,tutorials/**;gradlew.bat,,,,,
https://github.com/aldentantan/ip.git,master,,tutorials/**;gradlew.bat,,,,,
https://github.com/chiangqinkang/ip.git,master,,tutorials/**;gradlew.bat,,,,,
https://github.com/leroychiu20/ip.git,master,,tutorials/**;gradlew.bat,,,,,
https://github.com/JJtan2002/ip.git,master,,tutorials/**;gradlew.bat,,,,,
https://github.com/O-Darren/ip.git,master,,tutorials/**;gradlew.bat,,,,,
https://github.com/voldiemort/ip.git,master,,tutorials/**;gradlew.bat,,,,,
https://github.com/TerenceWongsExtravaganza/ip.git,master,,tutorials/**;gradlew.bat,,,,,
https://github.com/xqtann/ip.git,master,,tutorials/**;gradlew.bat,,,,,
https://github.com/brendanng7/ip.git,master,,tutorials/**;gradlew.bat,,,,,
https://github.com/arjun2598/ip.git,master,,tutorials/**;gradlew.bat,,,,,
https://github.com/niclammm/ip.git,master,,tutorials/**;gradlew.bat,,,,,
https://github.com/psh12320/ip.git,master,,tutorials/**;gradlew.bat,,,,,
https://github.com/nathanshew/ip.git,master,,tutorials/**;gradlew.bat,,,,,
https://github.com/seandias/ip.git,master,,tutorials/**;gradlew.bat,,,,,
https://github.com/wang-h-z/ip.git,master,,tutorials/**;gradlew.bat,,,,,
https://github.com/siriousguy/ip.git,master,,tutorials/**;gradlew.bat,,,,,
https://github.com/SlothyCat/ip.git,master,,tutorials/**;gradlew.bat,,,,,
https://github.com/FlyingDonkeys/ip.git,master,,tutorials/**;gradlew.bat,,,,,
https://github.com/calebchongsj/ip.git,master,,tutorials/**;gradlew.bat,,,,,
https://github.com/benjiBase/ip.git,master,,tutorials/**;gradlew.bat,,,,,
https://github.com/blanklogic/ip.git,master,,tutorials/**;gradlew.bat,,,,,
https://github.com/sooyitao/ip.git,master,,tutorials/**;gradlew.bat,,,,,
https://github.com/zaidansani/ip.git,master,,tutorials/**;gradlew.bat,,,,,
https://github.com/yongqqqq/ip.git,master,,tutorials/**;gradlew.bat,,,,,
https://github.com/RadieonAjax/ip.git,master,,tutorials/**;gradlew.bat,,,,,
https://github.com/DINESH1201/ip.git,master,,tutorials/**;gradlew.bat,,,,,
https://github.com/limjeremy496/ip.git,master,,tutorials/**;gradlew.bat,,,,,
https://github.com/amoschee/ip.git,master,,tutorials/**;gradlew.bat,,,,,
https://github.com/hweinian/ip.git,master,,tutorials/**;gradlew.bat,,,,,
https://github.com/SuhailLoya/ip.git,master,,tutorials/**;gradlew.bat,,,,,
https://github.com/tanwartushar/ip.git,master,,tutorials/**;gradlew.bat,,,,,
https://github.com/Ponharish/ip.git,master,,tutorials/**;gradlew.bat,,,,,
https://github.com/yxshrk/ip.git,master,,tutorials/**;gradlew.bat,,,,,
https://github.com/rithiklenin/ip.git,master,,tutorials/**;gradlew.bat,,,,,
https://github.com/juliantayyc/ip.git,master,,tutorials/**;gradlew.bat,,,,,
https://github.com/ethan-goh/ip.git,master,,tutorials/**;gradlew.bat,,,,,
https://github.com/Hoodini231/ip.git,master,,tutorials/**;gradlew.bat,,,,,
https://github.com/noth-k/ip.git,master,,tutorials/**;gradlew.bat,,,,,
https://github.com/keithxun/ip.git,master,,tutorials/**;gradlew.bat,,,,,
https://github.com/chongsun2002/ip.git,master,,tutorials/**;gradlew.bat,,,,,
https://github.com/IzN432/ip.git,master,,tutorials/**;gradlew.bat,,,,,
https://github.com/VedJoshi/ip.git,master,,tutorials/**;gradlew.bat,,,,,
https://github.com/IsaacPangTH/ip.git,master,,tutorials/**;gradlew.bat,,,,,
https://github.com/valhrd/ip.git,master,,tutorials/**;gradlew.bat,,,,,
https://github.com/keerthigkaarthik/ip.git,master,,tutorials/**;gradlew.bat,,,,,
https://github.com/lutfir-cpu/ip.git,master,,tutorials/**;gradlew.bat,,,,,
https://github.com/notnotmax/ip.git,master,,tutorials/**;gradlew.bat,,,,,
https://github.com/Eru111/ip.git,master,,tutorials/**;gradlew.bat,,,,,
https://github.com/charlesliyifeng/ip.git,master,,tutorials/**;gradlew.bat,,,,,
https://github.com/realqijun/ip.git,master,,tutorials/**;gradlew.bat,,,,,
https://github.com/izruff/ip.git,master,,tutorials/**;gradlew.bat,,,,,
https://github.com/Judy1x4/ip.git,master,,tutorials/**;gradlew.bat,,,,,
https://github.com/sandyk0105/ip.git,master,,tutorials/**;gradlew.bat,,,,,
https://github.com/LeeZeHao/ip.git,master,,tutorials/**;gradlew.bat,,,,,
https://github.com/JiaYi-Gallium369/ip.git,master,,tutorials/**;gradlew.bat,,,,,
https://github.com/wkxcass/ip.git,master,,tutorials/**;gradlew.bat,,,,,
https://github.com/tckeong/ip.git,master,,tutorials/**;gradlew.bat,,,,,
https://github.com/juancarlovieri/ip.git,master,,tutorials/**;gradlew.bat,,,,,
https://github.com/shinichi04/ip.git,master,,tutorials/**;gradlew.bat,,,,,
https://github.com/DennieDan/ip.git,master,,tutorials/**;gradlew.bat,,,,,
https://github.com/zeonchew0324/ip.git,master,,tutorials/**;gradlew.bat,,,,,
https://github.com/tansanchian/ip.git,master,,tutorials/**;gradlew.bat,,,,,
https://github.com/jeanyang04/ip.git,master,,tutorials/**;gradlew.bat,,,,,
https://github.com/tyxiangs/ip.git,master,,tutorials/**;gradlew.bat,,,,,
https://github.com/blackpanther9229/ip.git,master,,tutorials/**;gradlew.bat,,,,,
https://github.com/vinc3leong/ip.git,master,,tutorials/**;gradlew.bat,,,,,
https://github.com/Edwin1022/ip.git,master,,tutorials/**;gradlew.bat,,,,,
https://github.com/MingYiAw/ip.git,master,,tutorials/**;gradlew.bat,,,,,
https://github.com/ItsMeNengYi/ip.git,master,,tutorials/**;gradlew.bat,,,,,
https://github.com/Droas590/ip.git,master,,tutorials/**;gradlew.bat,,,,,
https://github.com/tanyqcollin/ip.git,master,,tutorials/**;gradlew.bat,,,,,
https://github.com/hpcman/ip.git,master,,tutorials/**;gradlew.bat,,,,,
https://github.com/Fui03/ip.git,master,,tutorials/**;gradlew.bat,,,,,
https://github.com/annabellekk/ip.git,master,,tutorials/**;gradlew.bat,,,,,
https://github.com/Elinengu/ip.git,master,,tutorials/**;gradlew.bat,,,,,
https://github.com/JellyPenguinnn/ip.git,master,,tutorials/**;gradlew.bat,,,,,
https://github.com/Rachelcoll/ip.git,master,,tutorials/**;gradlew.bat,,,,,
https://github.com/isaactodo/ip.git,master,,tutorials/**;gradlew.bat,,,,,
https://github.com/Nicholascyx/ip.git,master,,tutorials/**;gradlew.bat,,,,,
https://github.com/ruiming97/ip.git,master,,tutorials/**;gradlew.bat,,,,,
https://github.com/estellelim/ip.git,master,,tutorials/**;gradlew.bat,,,,,
https://github.com/SamsonChew/ip.git,master,,tutorials/**;gradlew.bat,,,,,
https://github.com/RobotWizzard/ip.git,master,,tutorials/**;gradlew.bat,,,,,
https://github.com/samriddh2145/ip.git,master,,tutorials/**;gradlew.bat,,,,,
https://github.com/arnav-goel10/ip.git,master,,tutorials/**;gradlew.bat,,,,,
https://github.com/waihongteh/ip.git,master,,tutorials/**;gradlew.bat,,,,,
https://github.com/ritulkrsingh/ip.git,master,,tutorials/**;gradlew.bat,,,,,
https://github.com/ckclion/ip.git,master,,tutorials/**;gradlew.bat,,,,,
https://github.com/btbrandon/ip.git,master,,tutorials/**;gradlew.bat,,,,,
https://github.com/nihalramesh12629/ip.git,master,,tutorials/**;gradlew.bat,,,,,
https://github.com/aditig0305/ip.git,master,,tutorials/**;gradlew.bat,,,,,
https://github.com/kaoxi998533/ip.git,master,,tutorials/**;gradlew.bat,,,,,
https://github.com/myrilla12/ip.git,master,,tutorials/**;gradlew.bat,,,,,
https://github.com/engyuhan/ip.git,master,,tutorials/**;gradlew.bat,,,,,
https://github.com/yikyak02/ip.git,master,,tutorials/**;gradlew.bat,,,,,
https://github.com/jan-kai1/ip.git,master,,tutorials/**;gradlew.bat,,,,,
https://github.com/GabrielCWT/ip.git,master,,tutorials/**;gradlew.bat,,,,,
https://github.com/pradyuprasad/ip.git,master,,tutorials/**;gradlew.bat,,,,,
https://github.com/rahula1008/ip.git,master,,tutorials/**;gradlew.bat,,,,,
https://github.com/shardhrv/ip.git,master,,tutorials/**;gradlew.bat,,,,,
https://github.com/sannie-beep/ip.git,master,,tutorials/**;gradlew.bat,,,,,
https://github.com/kimberlytmq/ip.git,master,,tutorials/**;gradlew.bat,,,,,
https://github.com/dasha3412/ip.git,master,,tutorials/**;gradlew.bat,,,,,
https://github.com/kikokidayo/ip.git,master,,tutorials/**;gradlew.bat,,,,,
https://github.com/audipras/ip.git,master,,tutorials/**;gradlew.bat,,,,,
https://github.com/FYL2003/ip.git,master,,tutorials/**;gradlew.bat,,,,,
https://github.com/BlazeChron/ip.git,master,,tutorials/**;gradlew.bat,,,,,
https://github.com/awdse22/ip.git,master,,tutorials/**;gradlew.bat,,,,,
https://github.com/tohjh/ip.git,master,,tutorials/**;gradlew.bat,,,,,
https://github.com/verakohh/ip.git,master,,tutorials/**;gradlew.bat,,,,,
https://github.com/yooplo/ip.git,master,,tutorials/**;gradlew.bat,,,,,
https://github.com/ChenLeiyu/ip.git,master,,tutorials/**;gradlew.bat,,,,,
https://github.com/nigellqx/ip.git,master,,tutorials/**;gradlew.bat,,,,,
https://github.com/ZShunRen/ip.git,master,,tutorials/**;gradlew.bat,,,,,
https://github.com/superb-sushi/ip.git,master,,tutorials/**;gradlew.bat,,,,,
https://github.com/rubinnn/ip.git,master,,tutorials/**;gradlew.bat,,,,,
https://github.com/Feng1231/ip.git,master,,tutorials/**;gradlew.bat,,,,,
https://github.com/bigismols/ip.git,master,,tutorials/**;gradlew.bat,,,,,
https://github.com/miuna9890/ip.git,master,,tutorials/**;gradlew.bat,,,,,
https://github.com/PeterHW963/ip.git,master,,tutorials/**;gradlew.bat,,,,,
https://github.com/Zenkoh1/ip.git,master,,tutorials/**;gradlew.bat,,,,,
https://github.com/yimjianbing/ip.git,master,,tutorials/**;gradlew.bat,,,,,
https://github.com/ulricolo7/ip.git,master,,tutorials/**;gradlew.bat,,,,,
https://github.com/maertan/ip.git,master,,tutorials/**;gradlew.bat,,,,,
https://github.com/wubojin/ip.git,master,,tutorials/**;gradlew.bat,,,,,
https://github.com/zlch/ip.git,master,,tutorials/**;gradlew.bat,,,,,
https://github.com/Peanuts359/ip.git,master,,tutorials/**;gradlew.bat,,,,,
https://github.com/tayxuenye/ip.git,master,,tutorials/**;gradlew.bat,,,,,
https://github.com/raageth/ip.git,master,,tutorials/**;gradlew.bat,,,,,
https://github.com/KennyLewi/ip.git,master,,tutorials/**;gradlew.bat,,,,,
https://github.com/CYX22222003/ip.git,master,,tutorials/**;gradlew.bat,,,,,
https://github.com/snowstopxt/ip.git,master,,tutorials/**;gradlew.bat,,,,,
https://github.com/woke02/ip.git,master,,tutorials/**;gradlew.bat,,,,,
https://github.com/zienxu/ip.git,master,,tutorials/**;gradlew.bat,,,,,
https://github.com/wujiaweijoanna/ip.git,master,,tutorials/**;gradlew.bat,,,,,
https://github.com/Justincjr/ip.git,master,,tutorials/**;gradlew.bat,,,,,
https://github.com/gavinsoh/ip.git,master,,tutorials/**;gradlew.bat,,,,,
https://github.com/tingxuanp/ip.git,master,,tutorials/**;gradlew.bat,,,,,
https://github.com/Jianwen0451/ip.git,master,,tutorials/**;gradlew.bat,,,,,
https://github.com/DesSnowy/ip.git,master,,tutorials/**;gradlew.bat,,,,,
https://github.com/NgZiXin/ip.git,master,,tutorials/**;gradlew.bat,,,,,
https://github.com/luileng/ip.git,master,,tutorials/**;gradlew.bat,,,,,
https://github.com/bbryant824/ip.git,master,,tutorials/**;gradlew.bat,,,,,
https://github.com/JumpyJay/ip.git,master,,tutorials/**;gradlew.bat,,,,,
https://github.com/lithops-zty/ip.git,master,,tutorials/**;gradlew.bat,,,,,
https://github.com/meatyturtle/ip.git,master,,tutorials/**;gradlew.bat,,,,,
https://github.com/curtischang2510/ip.git,master,,tutorials/**;gradlew.bat,,,,,
https://github.com/FionaQY/ip.git,master,,tutorials/**;gradlew.bat,,,,,
https://github.com/hooyushing/ip.git,master,,tutorials/**;gradlew.bat,,,,,
https://github.com/Arren11111/ip.git,master,,tutorials/**;gradlew.bat,,,,,
https://github.com/AppleJem/ip.git,master,,tutorials/**;gradlew.bat,,,,,
https://github.com/jereeemyyyy/ip.git,master,,tutorials/**;gradlew.bat,,,,,
https://github.com/jolwnn/ip.git,master,,tutorials/**;gradlew.bat,,,,,
https://github.com/SherniceSng/ip.git,master,,tutorials/**;gradlew.bat,,,,,
https://github.com/jowhee3011/ip.git,master,,tutorials/**;gradlew.bat,,,,,
https://github.com/amitha2210/ip.git,master,,tutorials/**;gradlew.bat,,,,,
https://github.com/waihin26/ip.git,master,,tutorials/**;gradlew.bat,,,,,
https://github.com/chrisjohntan/ip.git,master,,tutorials/**;gradlew.bat,,,,,
https://github.com/SwaminathanViswa/ip.git,master,,tutorials/**;gradlew.bat,,,,,
https://github.com/beginner-web-developer/ip.git,master,,tutorials/**;gradlew.bat,,,,,
https://github.com/choonzies/ip.git,master,,tutorials/**;gradlew.bat,,,,,
https://github.com/ZweZeya/ip.git,master,,tutorials/**;gradlew.bat,,,,,
https://github.com/nayanaamahesh/ip.git,master,,tutorials/**;gradlew.bat,,,,,
https://github.com/Airiinnn/ip.git,master,,tutorials/**;gradlew.bat,,,,,
https://github.com/mongj/ip.git,master,,tutorials/**;gradlew.bat,,,,,
https://github.com/nws321/ip.git,master,,tutorials/**;gradlew.bat,,,,,
https://github.com/yyanyee/ip.git,master,,tutorials/**;gradlew.bat,,,,,
https://github.com/Harithhh06/ip.git,master,,tutorials/**;gradlew.bat,,,,,
https://github.com/yizhong187/ip.git,master,,tutorials/**;gradlew.bat,,,,,
https://github.com/chashaobao123/ip.git,master,,tutorials/**;gradlew.bat,,,,,
https://github.com/hj235/ip.git,master,,tutorials/**;gradlew.bat,,,,,
https://github.com/potaotototo/ip.git,master,,tutorials/**;gradlew.bat,,,,,
https://github.com/seantham21/ip.git,master,,tutorials/**;gradlew.bat,,,,,
https://github.com/achl1012/ip.git,master,,tutorials/**;gradlew.bat,,,,,
https://github.com/chenle228/ip.git,master,,tutorials/**;gradlew.bat,,,,,
https://github.com/celeschai/ip.git,master,,tutorials/**;gradlew.bat,,,,,
https://github.com/kimxw/ip.git,master,,tutorials/**;gradlew.bat,,,,,
https://github.com/yyihaoc/ip.git,master,,tutorials/**;gradlew.bat,,,,,
https://github.com/kohkakohla/ip.git,master,,tutorials/**;gradlew.bat,,,,,
https://github.com/Zeepheru/ip.git,master,,tutorials/**;gradlew.bat,,,,,
https://github.com/jessica2828/ip.git,master,,tutorials/**;gradlew.bat,,,,,
https://github.com/jolynleow2301/ip.git,master,,tutorials/**;gradlew.bat,,,,,
https://github.com/jiaaaaen/ip.git,master,,tutorials/**;gradlew.bat,,,,,
https://github.com/xGladiate/ip.git,master,,tutorials/**;gradlew.bat,,,,,
https://github.com/EyuGongYi/ip.git,master,,tutorials/**;gradlew.bat,,,,,
https://github.com/FriedCabbageSalad/ip.git,master,,tutorials/**;gradlew.bat,,,,,
https://github.com/elliot-tang/ip.git,master,,tutorials/**;gradlew.bat,,,,,
https://github.com/Soumyadip-cmd/ip.git,master,,tutorials/**;gradlew.bat,,,,,
https://github.com/kngys/ip.git,master,,tutorials/**;gradlew.bat,,,,,
https://github.com/SeanFoongjt/ip.git,master,,tutorials/**;gradlew.bat,,,,,
https://github.com/hyxnnii/ip.git,master,,tutorials/**;gradlew.bat,,,,,
https://github.com/haleemairfan/ip.git,master,,tutorials/**;gradlew.bat,,,,,
https://github.com/kellywsq03/ip.git,master,,tutorials/**;gradlew.bat,,,,,
https://github.com/skyl3-r/ip.git,master,,tutorials/**;gradlew.bat,,,,,
https://github.com/Siddardar/ip.git,master,,tutorials/**;gradlew.bat,,,,,
https://github.com/Potatoad88/ip.git,master,,tutorials/**;gradlew.bat,,,,,
https://github.com/Solomon0519/ip.git,master,,tutorials/**;gradlew.bat,,,,,
https://github.com/apollo-tan/ip.git,master,,tutorials/**;gradlew.bat,,,,,
https://github.com/PrishaVP/ip.git,master,,tutorials/**;gradlew.bat,,,,,
https://github.com/jinhanjinhan/ip.git,master,,tutorials/**;gradlew.bat,,,,,
https://github.com/jasmiinee/ip.git,master,,tutorials/**;gradlew.bat,,,,,
https://github.com/rachelyeohm/ip.git,master,,tutorials/**;gradlew.bat,,,,,
https://github.com/yu7ong/ip.git,master,,tutorials/**;gradlew.bat,,,,,
https://github.com/clarissatjx/ip.git,master,,tutorials/**;gradlew.bat,,,,,
https://github.com/ylchin/ip.git,master,,tutorials/**;gradlew.bat,,,,,
https://github.com/tzuennn/ip.git,master,,tutorials/**;gradlew.bat,,,,,
https://github.com/L-rrrr/ip.git,master,,tutorials/**;gradlew.bat,,,,,
https://github.com/yixianggg/ip.git,master,,tutorials/**;gradlew.bat,,,,,
https://github.com/ishan-agarwal-05/ip.git,master,,tutorials/**;gradlew.bat,,,,,
https://github.com/triishaa/ip.git,master,,tutorials/**;gradlew.bat,,,,,
https://github.com/ritvi12/ip.git,master,,tutorials/**;gradlew.bat,,,,,
https://github.com/thisisaditya17/ip.git,master,,tutorials/**;gradlew.bat,,,,,
https://github.com/arnav12344/ip.git,master,,tutorials/**;gradlew.bat,,,,,
https://github.com/Nihirraa/ip.git,master,,tutorials/**;gradlew.bat,,,,,
https://github.com/maahir-garg/ip.git,master,,tutorials/**;gradlew.bat,,,,,
https://github.com/natlv/ip.git,master,,tutorials/**;gradlew.bat,,,,,
https://github.com/currynia/ip.git,master,,tutorials/**;gradlew.bat,,,,,
https://github.com/slidings/ip.git,master,,tutorials/**;gradlew.bat,,,,,
https://github.com/jiaxinnns/ip.git,master,,tutorials/**;gradlew.bat,,,,,
https://github.com/yastsc/ip.git,master,,tutorials/**;gradlew.bat,,,,,
https://github.com/jiayr99/ip.git,master,,tutorials/**;gradlew.bat,,,,,
https://github.com/trpmy/ip.git,master,,tutorials/**;gradlew.bat,,,,,
https://github.com/sarahteonin/ip.git,master,,tutorials/**;gradlew.bat,,,,,
https://github.com/lavanyagarg112/ip.git,master,,tutorials/**;gradlew.bat,,,,,
https://github.com/devivy/ip.git,master,,tutorials/**;gradlew.bat,,,,,
https://github.com/Timenikhil/ip.git,master,,tutorials/**;gradlew.bat,,,,,
https://github.com/YINZE66/ip.git,master,,tutorials/**;gradlew.bat,,,,,
https://github.com/LOLIPOP-INTELLIGENCE/ip.git,master,,tutorials/**;gradlew.bat,,,,,
https://github.com/gabriellegtw/ip.git,master,,tutorials/**;gradlew.bat,,,,,
https://github.com/yyueyii/ip.git,master,,tutorials/**;gradlew.bat,,,,,
https://github.com/XinghuaJulia/ip.git,master,,tutorials/**;gradlew.bat,,,,,
https://github.com/accountexeregister/ip.git,master,,tutorials/**;gradlew.bat,,,,,
https://github.com/zyng233/ip.git,master,,tutorials/**;gradlew.bat,,,,,
https://github.com/Bonzzz3/ip.git,master,,tutorials/**;gradlew.bat,,,,,
https://github.com/Wnayar/ip.git,master,,tutorials/**;gradlew.bat,,,,,
https://github.com/sayomaki/ip.git,master,,tutorials/**;gradlew.bat,,,,,
https://github.com/hm-yang1/ip.git,master,,tutorials/**;gradlew.bat,,,,,
https://github.com/iamdiluxedbutcooler/ip.git,master,,tutorials/**;gradlew.bat,,,,,
https://github.com/cweijin/ip.git,master,,tutorials/**;gradlew.bat,,,,,
https://github.com/kaixuan477/ip.git,master,,tutorials/**;gradlew.bat,,,,,
https://github.com/leowolf275/ip.git,master,,tutorials/**;gradlew.bat,,,,,
https://github.com/Darren-Tung/ip.git,master,,tutorials/**;gradlew.bat,,,,,
https://github.com/ArtillerySun/ip.git,master,,tutorials/**;gradlew.bat,,,,,
https://github.com/Arnaxx54/ip.git,master,,tutorials/**;gradlew.bat,,,,,
https://github.com/Kitty-001/ip.git,master,,tutorials/**;gradlew.bat,,,,,
https://github.com/charlenetcy/ip.git,master,,tutorials/**;gradlew.bat,,,,,
https://github.com/RuijianLu/ip.git,master,,tutorials/**;gradlew.bat,,,,,
https://github.com/ashea10/ip.git,master,,tutorials/**;gradlew.bat,,,,,
https://github.com/Vangmay/ip.git,master,,tutorials/**;gradlew.bat,,,,,
https://github.com/youngseopark05/ip.git,master,,tutorials/**;gradlew.bat,,,,,
https://github.com/jayjay19630/ip.git,master,,tutorials/**;gradlew.bat,,,,,
https://github.com/Dinoman44/ip.git,master,,tutorials/**;gradlew.bat,,,,,
https://github.com/choiwab/ip.git,master,,tutorials/**;gradlew.bat,,,,,
https://github.com/rithanisk/ip.git,master,,tutorials/**;gradlew.bat,,,,,
https://github.com/JoanneHing/ip.git,master,,tutorials/**;gradlew.bat,,,,,
https://github.com/jhqiu21/ip.git,master,,tutorials/**;gradlew.bat,,,,,
https://github.com/lancehaha/ip.git,master,,tutorials/**;gradlew.bat,,,,,
https://github.com/reginateh/ip.git,master,,tutorials/**;gradlew.bat,,,,,
https://github.com/zzzlou/ip.git,master,,tutorials/**;gradlew.bat,,,,,
